gender,mean,var,col
m,5.855,0.0350333333333333,height
m,176.25,122.916666666667,weight
m,11.25,0.916666666666667,foot
f,5.41,0.0907999999999999,height
f,132.5,558.333333333333,weight
f,7.75,1.58333333333333,foot
